fecha,n1,n2,n3,n4,n5,n6,n7,n8,n9,n10,n11,n12,n13,n14
2024-01-01,4,8,10,11,13,14,15,16,17,18,19,21,23,25
2024-01-04,1,3,4,6,7,8,10,11,15,16,19,20,21,24
2024-01-07,3,8,9,10,11,12,13,17,18,19,20,21,23,24
2024-01-10,1,3,8,9,10,12,13,14,15,19,21,23,24,25
2024-01-13,1,4,9,13,14,15,16,17,18,20,21,22,23,24
2024-01-16,2,4,5,8,11,14,15,16,17,18,19,20,22,23
2024-01-19,4,7,9,10,13,14,15,16,18,19,21,22,23,25
2024-01-22,1,2,4,5,9,10,12,15,16,17,18,19,20,21
2024-01-25,2,8,10,11,13,14,15,16,17,18,19,22,24,25
2024-01-28,2,3,6,8,9,14,15,16,17,20,21,22,23,25
2024-01-31,1,3,4,5,7,10,13,14,15,19,20,21,23,24
2024-02-03,1,2,3,4,5,9,11,12,15,16,18,20,21,24
2024-02-06,3,5,6,8,10,13,14,15,16,17,18,19,20,23
2024-02-09,1,2,4,5,6,7,10,13,14,17,19,20,22,24
2024-02-12,1,2,8,10,11,12,13,15,16,17,19,21,23,25
2024-02-15,4,5,6,7,10,11,12,14,15,17,19,20,24,25
2024-02-18,2,3,4,6,7,11,13,14,15,18,19,22,23,24
2024-02-21,1,3,5,6,7,11,14,16,17,19,20,21,22,23
2024-02-24,3,5,6,7,8,9,10,12,13,14,18,22,23,24
2024-02-27,2,4,6,9,10,11,13,14,15,16,17,18,21,24
2024-03-01,1,3,6,9,11,12,14,15,18,19,20,21,24,25
2024-03-04,4,5,7,9,10,11,16,18,19,20,22,23,24,25
2024-03-07,2,4,5,6,9,11,12,14,15,18,20,22,23,24
2024-03-10,1,3,5,6,7,9,10,11,13,18,19,22,24,25
2024-03-13,1,2,4,6,8,10,12,13,14,18,19,21,22,24
2024-03-16,2,6,7,11,13,14,15,17,19,20,21,23,24,25
2024-03-19,1,2,5,6,9,10,12,13,14,15,17,20,21,22
2024-03-22,1,2,4,7,9,10,11,12,14,18,19,20,21,25
2024-03-25,1,2,3,4,5,6,7,10,12,17,19,20,23,25
2024-03-28,1,3,5,6,8,13,14,15,16,19,22,23,24,25
2024-03-31,1,2,3,5,8,9,10,11,14,16,17,18,22,24
2024-04-03,1,2,4,8,9,11,16,17,18,20,21,22,24,25
2024-04-06,4,5,6,8,9,11,12,13,14,17,18,21,22,25
2024-04-09,1,3,6,7,8,10,14,15,16,17,18,19,21,25
2024-04-12,2,3,6,9,10,12,14,17,19,21,22,23,24,25
2024-04-15,1,2,3,6,7,9,10,13,14,18,19,20,22,24
2024-04-18,2,5,6,7,9,10,11,13,15,17,18,20,21,24
2024-04-21,1,3,5,6,7,9,12,13,14,16,17,20,21,22
2024-04-24,1,3,4,5,6,9,11,12,17,18,20,21,22,23
2024-04-27,3,4,5,7,8,10,11,14,16,20,21,23,24,25
