Fecha,N1,N2,N3,N4,N5,N6,N7,N8,N9,N10,N11,N12,N13,N14
01-01-2023,01,02,03,04,05,06,09,11,13,18,19,22,24,25
04-01-2023,01,03,04,06,07,09,12,14,15,17,19,20,22,23
06-01-2023,02,03,04,06,07,08,11,12,15,16,20,22,23,24
08-01-2023,06,08,09,10,12,13,16,17,18,19,20,22,24,25
11-01-2023,03,04,05,07,08,11,12,15,16,19,20,21,22,24
13-01-2023,01,02,07,08,11,12,13,19,20,21,22,23,24,25
15-01-2023,02,05,07,08,09,10,11,12,13,14,16,19,20,24
18-01-2023,01,04,05,06,07,08,10,11,15,18,21,22,23,24
20-01-2023,03,05,07,08,09,10,11,12,15,17,18,19,20,25
22-01-2023,01,02,06,08,09,10,11,12,15,17,18,19,22,23
25-01-2023,02,03,05,07,08,09,10,15,17,19,20,22,23,25
27-01-2023,01,03,05,10,11,14,15,16,17,19,20,22,23,24
29-01-2023,01,03,05,09,10,11,13,14,15,16,17,19,20,25
01-02-2023,01,03,04,05,06,08,09,10,12,14,15,16,18,22
03-02-2023,01,03,05,07,08,10,11,12,14,16,17,21,22,24
05-02-2023,01,04,05,06,09,10,13,16,17,19,20,22,24,25
08-02-2023,01,04,05,06,08,09,10,12,13,14,15,16,17,19
10-02-2023,02,03,04,06,07,12,13,14,16,17,20,21,22,25
12-02-2023,02,03,04,06,07,08,09,12,13,14,17,21,24,25
15-02-2023,01,02,04,05,06,08,11,13,14,19,20,21,24,25
17-02-2023,01,02,03,06,09,10,12,13,15,18,19,22,23,25
19-02-2023,02,04,05,07,09,10,12,13,15,17,19,21,22,24
22-02-2023,03,06,07,08,11,12,13,14,19,20,22,23,24,25
24-02-2023,01,02,03,04,06,07,12,14,16,17,18,21,24,25
26-02-2023,01,02,04,05,06,07,10,13,14,15,16,19,22,25
01-03-2023,01,03,05,06,08,10,11,13,14,17,18,20,22,23
03-03-2023,01,04,05,06,08,09,10,11,13,16,18,20,24,25
05-03-2023,01,03,04,07,08,09,10,12,16,17,18,19,20,25
08-03-2023,03,06,07,09,10,12,13,15,17,18,19,20,22,24
10-03-2023,01,02,03,06,09,10,12,13,14,16,19,20,21,25
12-03-2023,03,07,11,12,13,14,15,16,17,18,19,22,24,25
15-03-2023,01,06,09,10,11,13,14,16,18,19,22,23,24,25
17-03-2023,05,06,09,11,14,15,16,17,18,20,21,22,23,24
19-03-2023,04,07,08,09,10,11,12,14,15,18,19,20,24,25
22-03-2023,02,03,04,07,11,13,14,15,16,20,21,22,23,24
24-03-2023,04,07,08,09,10,14,15,16,17,19,20,21,22,23
26-03-2023,06,07,08,10,12,13,14,15,16,17,18,19,23,24
29-03-2023,01,02,03,04,05,06,09,10,11,14,15,16,19,25
31-03-2023,01,02,05,06,07,11,12,13,14,15,16,19,20,25
02-04-2023,03,04,06,07,08,09,11,13,14,16,18,19,23,24
05-04-2023,01,06,07,08,09,11,14,15,18,19,20,21,24,25
07-04-2023,01,02,07,08,10,11,13,16,17,18,20,21,22,25
09-04-2023,01,02,03,04,05,06,07,09,11,12,14,17,20,25
12-04-2023,01,04,05,10,11,12,14,16,17,18,20,23,24,25
14-04-2023,03,04,06,08,11,12,15,18,20,21,22,23,24,25
16-04-2023,01,02,03,04,08,09,11,12,16,17,19,22,24,25
19-04-2023,01,02,03,05,06,07,10,14,15,17,20,22,24,25
21-04-2023,03,04,06,08,09,11,12,13,14,15,18,19,22,25
23-04-2023,01,03,07,08,09,12,13,16,17,18,21,22,23,25
26-04-2023,04,05,07,08,10,14,15,16,18,20,22,23,24,25
28-04-2023,01,04,05,07,10,11,14,15,17,18,19,20,22,25
30-04-2023,01,02,06,08,09,10,12,14,15,17,18,23,24,25
03-05-2023,01,02,04,05,06,08,09,10,11,14,16,18,20,21
05-05-2023,01,04,06,08,09,10,12,13,16,18,20,21,23,25
07-05-2023,02,03,05,07,08,10,17,18,19,21,22,23,24,25
10-05-2023,02,03,05,06,09,10,11,13,15,16,20,22,23,24
12-05-2023,01,04,06,07,08,11,12,15,16,17,21,23,24,25
14-05-2023,02,04,05,08,09,10,11,13,15,17,18,19,23,25
17-05-2023,01,03,04,05,06,08,09,10,11,12,16,20,21,25
19-05-2023,01,02,03,05,09,11,12,13,14,16,19,20,21,24
21-05-2023,02,03,04,05,07,13,15,16,17,18,19,20,22,24
24-05-2023,01,03,06,08,11,12,13,15,16,19,20,23,24,25
26-05-2023,01,02,03,04,06,08,09,14,15,17,19,20,21,23
28-05-2023,02,03,05,09,10,11,12,13,14,15,16,17,18,20
31-05-2023,02,04,07,10,12,14,16,17,18,19,22,23,24,25
02-06-2023,05,08,09,10,12,13,14,15,17,21,22,23,24,25
04-06-2023,01,05,07,09,10,11,12,16,17,18,19,22,23,25
07-06-2023,02,03,04,05,06,10,14,16,17,18,19,20,22,23
09-06-2023,03,04,05,07,08,09,10,11,15,17,22,23,24,25
11-06-2023,01,04,06,08,09,10,12,15,16,18,22,23,24,25
14-06-2023,02,04,05,06,08,09,11,13,14,15,18,20,21,22
16-06-2023,02,03,04,05,08,09,10,11,12,14,20,21,22,23
18-06-2023,05,06,07,10,12,13,14,15,16,18,19,22,24,25
21-06-2023,01,02,05,07,10,11,12,13,14,16,19,21,23,25
23-06-2023,02,03,05,06,07,13,14,18,19,21,22,23,24,25
25-06-2023,01,02,03,05,10,11,13,15,16,17,18,20,22,24
28-06-2023,01,02,03,09,11,13,14,16,18,20,21,22,23,24
30-06-2023,02,03,05,07,09,11,12,13,14,15,17,18,24,25
02-07-2023,01,03,04,05,06,08,10,11,12,13,14,15,19,23
05-07-2023,03,05,08,09,10,12,13,14,15,18,19,20,22,25
07-07-2023,02,03,04,05,09,11,12,15,16,18,19,21,22,23
09-07-2023,01,02,05,07,13,14,15,16,17,19,21,22,23,24
12-07-2023,01,02,03,04,05,07,08,14,15,16,17,18,22,24
14-07-2023,01,03,05,07,08,09,13,14,17,18,19,21,24,25
16-07-2023,01,02,03,04,06,07,09,11,13,15,17,18,19,22
19-07-2023,01,03,05,06,07,08,09,11,13,15,17,18,21,22
21-07-2023,01,04,05,09,10,11,13,14,17,18,19,21,23,24
23-07-2023,01,03,06,07,08,09,11,12,14,15,17,19,21,22
26-07-2023,02,05,09,10,11,12,13,14,16,17,20,22,24,25
28-07-2023,01,03,04,07,08,11,13,14,16,17,19,20,21,23
30-07-2023,01,02,07,10,11,12,13,14,15,16,17,19,24,25
02-08-2023,01,02,04,05,07,09,11,13,14,17,18,20,22,24
04-08-2023,01,03,04,05,06,08,12,13,14,17,18,19,21,25
06-08-2023,04,06,08,09,12,14,15,16,17,18,19,20,22,23
09-08-2023,03,04,05,06,09,10,11,14,15,16,18,20,21,23
11-08-2023,02,03,04,05,06,09,13,14,16,17,20,22,23,24
13-08-2023,02,03,05,06,08,10,11,12,16,17,20,21,23,24
16-08-2023,01,02,04,05,08,09,10,11,13,15,17,21,23,25
18-08-2023,05,06,08,11,14,15,16,17,18,19,20,21,22,23
20-08-2023,01,02,03,05,09,11,12,13,14,18,20,22,23,24
23-08-2023,01,02,03,04,05,06,07,08,09,12,13,15,17,18
25-08-2023,01,03,04,05,06,10,11,15,16,19,20,23,24,25
27-08-2023,01,02,04,05,07,10,11,12,15,17,19,23,24,25
30-08-2023,03,05,08,10,12,13,14,15,16,18,19,23,24,25
01-09-2023,01,02,04,05,06,08,09,10,11,14,15,16,20,25
03-09-2023,01,02,03,04,06,07,08,12,13,14,15,20,21,25
06-09-2023,01,03,04,05,07,08,09,13,15,18,19,21,22,23
08-09-2023,01,02,03,05,09,10,11,12,14,19,20,22,23,25
10-09-2023,01,02,03,05,07,10,11,13,14,16,18,20,21,22
13-09-2023,01,02,04,07,08,09,10,11,14,15,16,20,24,25
15-09-2023,03,06,07,08,09,11,12,14,15,17,18,20,23,25
17-09-2023,01,04,05,06,10,12,13,15,17,18,19,20,21,24
20-09-2023,02,04,05,06,08,10,11,12,13,16,17,18,19,20
22-09-2023,01,03,04,06,07,10,13,14,15,16,17,18,23,25
24-09-2023,01,02,03,04,06,08,09,10,12,13,15,21,23,25
27-09-2023,03,04,05,06,07,10,16,17,18,20,21,22,23,25
29-09-2023,02,03,05,06,13,16,17,18,20,21,22,23,24,25
01-10-2023,01,03,05,06,08,09,12,15,16,19,20,22,24,25
04-10-2023,01,06,07,09,12,13,14,15,16,17,19,23,24,25
06-10-2023,01,02,03,06,07,14,15,16,17,18,21,22,24,25
08-10-2023,02,03,05,06,09,11,12,13,14,17,18,20,22,25
11-10-2023,01,05,06,07,08,09,11,17,19,20,21,22,24,25
13-10-2023,01,02,03,05,08,10,12,14,16,18,21,23,24,25
15-10-2023,01,02,04,05,06,11,12,13,14,15,16,17,19,23
18-10-2023,01,04,05,06,07,08,12,13,15,17,19,20,21,24
20-10-2023,01,02,03,04,05,08,09,10,13,14,15,16,23,25
22-10-2023,01,03,05,06,08,10,12,14,15,17,18,21,23,25
25-10-2023,02,03,04,07,09,11,12,13,14,20,21,22,24,25
27-10-2023,01,03,05,06,08,13,16,17,18,19,20,22,23,25
29-10-2023,03,04,05,07,10,11,12,14,15,17,19,20,24,25
01-11-2023,01,03,04,05,06,08,10,11,14,17,19,20,21,23
03-11-2023,02,03,04,06,07,11,13,15,16,17,18,19,24,25
05-11-2023,01,02,03,04,05,07,08,11,16,17,19,20,22,24
08-11-2023,01,03,05,06,08,10,13,14,15,16,17,18,20,22
10-11-2023,04,05,06,09,10,12,13,15,16,17,19,20,23,24
12-11-2023,03,06,07,08,12,13,14,16,18,19,20,21,23,25
15-11-2023,02,03,05,06,08,09,11,14,16,17,18,20,24,25
17-11-2023,01,03,05,06,09,10,11,12,13,15,16,17,18,23
19-11-2023,01,04,05,06,07,09,11,12,13,15,16,17,18,19
22-11-2023,01,02,04,10,11,12,15,16,17,19,22,23,24,25
24-11-2023,02,05,06,07,08,11,12,13,15,16,18,19,21,25
26-11-2023,02,03,04,05,06,07,08,10,15,17,18,19,22,25
29-11-2023,04,05,07,09,12,13,15,16,17,18,19,20,21,22
01-12-2023,03,04,07,09,10,12,15,16,17,19,22,23,24,25
03-12-2023,04,05,07,08,09,10,12,13,14,15,17,20,21,24
06-12-2023,01,02,03,04,06,08,09,10,15,19,20,21,24,25
08-12-2023,02,05,06,07,10,11,12,13,14,15,16,18,21,23
10-12-2023,03,04,05,06,07,09,10,14,17,20,21,23,24,25
13-12-2023,01,03,04,06,08,09,12,14,15,16,17,19,24,25
15-12-2023,05,06,09,10,13,15,17,18,19,21,22,23,24,25
17-12-2023,01,05,06,09,10,12,13,14,18,19,20,23,24,25
20-12-2023,04,05,08,09,10,11,12,16,18,19,21,22,23,24
22-12-2023,02,05,06,07,09,12,13,15,16,18,19,20,21,22
24-12-2023,05,06,07,08,09,10,14,16,18,19,20,21,22,24
27-12-2023,01,02,03,04,06,07,09,13,16,18,19,23,24,25
29-12-2023,01,02,04,05,06,07,11,12,17,18,19,21,23,24
31-12-2023,04,07,08,09,11,12,14,15,16,17,18,22,24,25
03-01-2024,01,04,05,08,10,11,13,14,15,17,21,22,23,24
05-01-2024,03,04,05,06,09,10,11,12,13,16,17,18,22,23
07-01-2024,01,03,05,06,07,08,09,10,18,19,22,23,24,25
10-01-2024,03,04,05,08,10,12,16,18,20,21,22,23,24,25
12-01-2024,03,04,05,08,09,12,14,15,16,18,20,21,23,24
14-01-2024,01,02,03,05,06,07,09,12,13,14,15,19,23,24
17-01-2024,02,03,05,06,07,08,10,13,14,15,17,20,21,24
19-01-2024,01,02,03,04,10,11,12,14,16,18,21,22,24,25
21-01-2024,01,02,04,05,08,12,13,14,16,18,19,22,23,25
24-01-2024,03,04,05,07,09,10,12,13,14,16,17,19,21,24
26-01-2024,03,04,05,06,07,08,09,10,16,20,21,22,23,24
28-01-2024,01,02,05,08,09,12,13,14,15,16,21,23,24,25
31-01-2024,01,04,10,12,13,15,16,17,18,21,22,23,24,25
02-02-2024,01,02,04,05,07,11,15,16,17,20,21,23,24,25
04-02-2024,01,03,04,06,08,09,10,11,16,18,19,20,22,23
07-02-2024,01,02,03,05,07,09,11,12,14,15,17,18,20,21
09-02-2024,03,06,07,08,11,12,13,15,16,17,18,22,23,24
11-02-2024,01,02,03,04,07,11,14,17,18,19,20,21,22,24
14-02-2024,02,03,04,05,06,07,11,12,13,15,18,20,21,23
16-02-2024,02,03,04,05,08,09,10,11,12,17,18,21,23,24
18-02-2024,02,04,07,09,10,11,13,14,15,16,18,19,20,21
21-02-2024,04,05,06,12,15,16,17,18,19,20,21,23,24,25
23-02-2024,01,02,05,06,08,11,12,13,14,18,19,21,24,25
25-02-2024,03,06,07,09,10,11,14,15,17,18,19,22,24,25
28-02-2024,05,06,07,08,10,11,13,14,15,16,17,18,19,25
01-03-2024,01,02,04,07,08,09,12,13,15,18,19,20,22,23
03-03-2024,01,03,05,06,07,08,09,10,14,15,16,19,24,25
06-03-2024,02,06,08,09,10,11,13,14,15,17,18,19,20,21
08-03-2024,03,04,05,07,08,11,13,14,17,19,21,22,23,24
10-03-2024,01,04,05,08,09,11,12,13,15,17,19,20,21,25
13-03-2024,02,03,04,05,08,11,12,13,14,17,19,23,24,25
15-03-2024,03,05,06,07,09,10,11,12,17,18,20,22,23,24
17-03-2024,01,02,03,05,06,11,12,13,14,15,16,19,21,24
20-03-2024,01,02,03,05,09,10,13,14,16,18,20,21,24,25
22-03-2024,01,03,04,05,06,07,08,11,13,16,19,22,24,25
24-03-2024,03,05,09,10,11,12,14,15,18,19,21,22,24,25
27-03-2024,01,02,03,05,07,08,09,13,18,19,20,21,22,24
29-03-2024,03,04,05,06,07,08,11,13,15,18,19,21,23,25
31-03-2024,01,02,03,04,06,07,09,10,11,13,14,17,20,21
03-04-2024,01,03,04,05,06,07,12,13,15,16,19,20,22,24
05-04-2024,03,04,05,06,09,10,13,16,18,19,22,23,24,25
07-04-2024,01,03,06,08,09,10,12,14,15,17,20,21,23,25
10-04-2024,03,07,08,10,12,14,16,17,19,20,21,22,24,25
12-04-2024,02,03,04,06,07,08,09,10,11,12,17,22,23,25
14-04-2024,04,07,09,12,13,14,15,16,17,18,19,21,23,25
17-04-2024,03,05,06,10,11,14,17,18,20,21,22,23,24,25
19-04-2024,01,03,05,06,08,10,11,12,14,15,16,17,22,25
21-04-2024,01,06,07,09,11,12,17,18,19,20,21,22,23,25
24-04-2024,03,06,07,13,14,15,16,18,19,20,21,22,23,25
26-04-2024,01,04,05,09,12,14,16,17,18,19,20,21,23,24
28-04-2024,01,08,09,10,11,12,13,17,19,20,21,22,23,25
01-05-2024,02,03,05,06,09,10,12,14,17,18,19,21,22,24
03-05-2024,01,03,04,07,08,09,11,12,13,15,16,18,23,25
05-05-2024,02,03,04,05,06,09,12,16,17,19,21,22,24,25
08-05-2024,02,04,06,07,08,09,10,11,13,14,16,17,19,25
10-05-2024,01,02,04,05,07,08,10,12,13,14,17,19,21,24
12-05-2024,03,05,06,07,09,10,11,13,14,18,19,21,24,25
15-05-2024,03,04,05,07,08,10,12,13,15,18,20,22,24,25
17-05-2024,01,03,05,08,09,11,12,13,14,15,16,17,19,24
19-05-2024,02,05,06,08,12,13,15,16,18,19,21,22,23,25
22-05-2024,03,05,07,08,09,11,17,18,19,20,22,23,24,25
24-05-2024,02,03,05,06,07,08,11,12,13,14,16,22,24,25
26-05-2024,02,03,04,05,06,08,09,10,11,12,13,14,16,21
29-05-2024,01,04,05,06,07,09,11,12,14,16,18,21,23,25
31-05-2024,02,05,06,08,10,12,13,14,15,17,18,20,24,25
02-06-2024,01,02,03,04,06,07,08,09,15,16,17,18,24,25
05-06-2024,01,04,05,06,07,08,12,13,15,16,17,23,24,25
07-06-2024,02,03,06,08,09,10,11,12,13,18,19,21,22,23
09-06-2024,01,08,09,10,11,14,16,19,20,21,22,23,24,25
12-06-2024,01,02,03,04,07,08,09,11,16,17,19,20,24,25
14-06-2024,01,02,04,05,10,11,12,13,14,15,16,18,20,23
16-06-2024,01,02,03,05,10,11,12,15,16,19,21,22,23,25
19-06-2024,01,05,07,08,09,10,12,13,14,15,19,21,22,25
21-06-2024,01,02,04,06,07,09,10,13,15,16,18,19,20,21
23-06-2024,03,04,06,07,09,10,11,12,19,20,21,23,24,25
26-06-2024,02,03,04,05,08,10,15,16,19,20,21,22,23,25
28-06-2024,02,03,04,05,06,07,08,09,10,11,13,14,15,17
30-06-2024,03,04,05,08,09,10,11,12,14,15,16,21,24,25
03-07-2024,01,03,04,06,08,10,12,14,15,16,17,20,23,24
05-07-2024,02,04,06,08,09,10,13,14,16,17,20,21,23,24
07-07-2024,01,05,06,08,09,10,11,16,19,20,21,22,24,25
10-07-2024,02,07,08,09,12,14,15,18,19,20,21,22,23,25
12-07-2024,01,02,03,04,08,09,11,12,13,14,16,19,21,22
14-07-2024,01,03,04,06,09,10,12,13,14,15,17,22,24,25
17-07-2024,01,04,07,09,10,11,13,14,16,19,20,21,24,25
19-07-2024,04,05,06,08,09,11,12,17,20,21,22,23,24,25
21-07-2024,01,03,04,05,08,09,10,11,12,13,14,15,16,23
24-07-2024,01,03,04,05,06,07,08,10,12,13,15,19,22,24
26-07-2024,01,03,05,07,08,10,13,15,17,18,20,22,24,25
28-07-2024,01,03,04,05,06,07,08,10,13,16,20,21,23,25
31-07-2024,01,03,04,07,08,10,11,12,13,15,16,18,21,25
02-08-2024,02,04,05,06,08,09,10,13,14,15,16,17,19,20
