Número_1,Número_2,Número_3,Número_4,Número_5,Número_6,Número_7,Número_8,Número_9,Número_10,Número_11,Número_12,Número_13,Número_14,Frecuencia
11,13,14,15,16,17,18,19,20,21,22,23,24,25,46
11,12,14,15,16,17,18,19,20,21,22,23,24,25,34
12,13,14,15,16,17,18,19,20,21,22,23,24,25,32
10,12,13,14,16,17,18,19,20,21,22,23,24,25,26
11,12,13,14,16,17,18,19,20,21,22,23,24,25,25
9,12,14,15,16,17,18,19,20,21,22,23,24,25,24
9,13,14,15,16,17,18,19,20,21,22,23,24,25,23
7,13,14,15,16,17,18,19,20,21,22,23,24,25,22
10,13,14,15,16,17,18,19,20,21,22,23,24,25,22
10,11,12,14,15,16,18,19,20,21,22,23,24,25,22
10,11,13,14,16,17,18,19,20,21,22,23,24,25,21
6,10,14,15,16,17,18,19,20,21,22,23,24,25,20
9,12,13,14,15,17,18,19,20,21,22,23,24,25,20
9,12,13,14,16,17,18,19,20,21,22,23,24,25,20
10,12,13,15,16,17,18,19,20,21,22,23,24,25,19
10,12,13,14,15,17,18,19,20,21,22,23,24,25,19
10,12,13,14,15,16,18,19,20,21,22,23,24,25,19
10,11,13,15,16,17,18,19,20,21,22,23,24,25,19
10,12,14,15,16,17,18,19,20,21,22,23,24,25,18
8,9,13,15,16,17,18,19,20,21,22,23,24,25,18
10,11,13,14,15,17,18,19,20,21,22,23,24,25,18
8,12,14,15,16,17,18,19,20,21,22,23,24,25,17
11,12,13,14,15,17,18,19,20,21,22,23,24,25,17
8,12,13,15,16,17,18,19,20,21,22,23,24,25,17
7,12,13,14,15,17,18,19,20,21,22,23,24,25,17
9,10,13,14,15,17,18,19,20,21,22,23,24,25,17
10,11,14,15,16,17,18,19,20,21,22,23,24,25,17
11,12,13,15,16,17,18,19,20,21,22,23,24,25,16
10,11,12,15,16,17,18,19,20,21,22,23,24,25,16
8,12,13,14,15,17,18,19,20,21,22,23,24,25,16
7,11,12,14,16,17,18,19,20,21,22,23,24,25,16
7,10,14,15,16,17,18,19,20,21,22,23,24,25,16
9,11,13,14,15,17,18,19,20,21,22,23,24,25,16
11,12,13,14,15,16,17,18,19,20,22,23,24,25,16
9,10,14,15,16,17,18,19,20,21,22,23,24,25,16
10,11,12,13,16,17,18,19,20,21,22,23,24,25,16
11,12,13,14,15,16,18,19,20,21,22,23,24,25,16
9,11,13,14,15,16,17,19,20,21,22,23,24,25,16
9,12,13,15,16,17,18,19,20,21,22,23,24,25,16
8,10,13,14,16,17,18,19,20,21,22,23,24,25,16
9,10,12,14,16,17,18,19,20,21,22,23,24,25,15
9,10,13,14,16,17,18,19,20,21,22,23,24,25,15
9,10,13,15,16,17,18,19,20,21,22,23,24,25,15
8,11,14,15,16,17,18,19,20,21,22,23,24,25,15
8,10,13,15,16,17,18,19,20,21,22,23,24,25,15
9,11,12,15,16,17,18,19,20,21,22,23,24,25,15
8,13,14,15,16,17,18,19,20,21,22,23,24,25,15
9,11,12,13,16,17,18,19,20,21,22,23,24,25,15
8,9,14,15,16,17,18,19,20,21,22,23,24,25,15
10,11,12,14,16,17,18,19,20,21,22,23,24,25,15
10,11,12,14,15,17,18,19,20,21,22,23,24,25,15
10,12,13,14,15,16,17,19,20,21,22,23,24,25,15
10,11,13,14,15,16,17,18,20,21,22,23,24,25,15
9,11,12,14,16,17,18,19,20,21,22,23,24,25,14
8,10,13,14,15,17,18,19,20,21,22,23,24,25,14
8,11,12,13,15,16,17,19,20,21,22,23,24,25,14
8,12,13,14,15,16,17,19,20,21,22,23,24,25,14
10,11,13,14,15,16,17,19,20,21,22,23,24,25,14
10,12,13,14,15,16,17,18,19,20,21,22,24,25,14
7,9,12,14,15,16,17,19,20,21,22,23,24,25,14
7,10,12,13,14,16,18,19,20,21,22,23,24,25,14
11,12,13,14,15,16,17,18,19,20,21,22,24,25,13
8,10,12,13,16,17,18,19,20,21,22,23,24,25,13
8,10,12,14,15,16,18,19,20,21,22,23,24,25,13
6,11,13,14,15,17,18,19,20,21,22,23,24,25,13
9,11,13,14,15,16,17,18,19,20,21,23,24,25,13
9,12,13,14,15,16,17,18,19,20,22,23,24,25,13
11,12,13,14,15,16,17,19,20,21,22,23,24,25,13
10,12,13,14,15,16,17,18,20,21,22,23,24,25,13
10,11,12,13,15,17,18,19,20,21,22,23,24,25,13
7,11,12,15,16,17,18,19,20,21,22,23,24,25,13
8,11,13,14,15,17,18,19,20,21,22,23,24,25,13
8,12,13,14,15,16,17,18,19,20,21,22,24,25,13
8,11,12,13,15,17,18,19,20,21,22,23,24,25,12
6,10,12,15,16,17,18,19,20,21,22,23,24,25,12
10,11,13,14,15,16,18,19,20,21,22,23,24,25,12
9,10,12,13,15,17,18,19,20,21,22,23,24,25,12
8,11,12,14,16,17,18,19,20,21,22,23,24,25,12
9,10,12,15,16,17,18,19,20,21,22,23,24,25,12
6,11,13,15,16,17,18,19,20,21,22,23,24,25,12
10,12,13,14,15,16,17,18,19,21,22,23,24,25,12
10,12,13,14,15,16,17,18,19,20,21,23,24,25,12
7,11,12,13,16,17,18,19,20,21,22,23,24,25,12
9,12,13,14,15,16,17,19,20,21,22,23,24,25,12
8,11,13,14,15,16,18,19,20,21,22,23,24,25,12
9,11,12,13,14,16,17,19,20,21,22,23,24,25,12
8,11,13,15,16,17,18,19,20,21,22,23,24,25,12
6,11,14,15,16,17,18,19,20,21,22,23,24,25,12
9,12,13,14,15,16,17,18,20,21,22,23,24,25,12
9,11,14,15,16,17,18,19,20,21,22,23,24,25,12
9,11,13,15,16,17,18,19,20,21,22,23,24,25,12
9,11,13,14,16,17,18,19,20,21,22,23,24,25,12
8,12,13,14,16,17,18,19,20,21,22,23,24,25,12
7,9,13,14,16,17,18,19,20,21,22,23,24,25,12
6,12,13,15,16,17,18,19,20,21,22,23,24,25,12
10,11,12,13,15,16,17,19,20,21,22,23,24,25,12
7,9,12,13,14,17,18,19,20,21,22,23,24,25,11
7,9,13,14,15,16,17,18,20,21,22,23,24,25,11
8,10,14,15,16,17,18,19,20,21,22,23,24,25,11
8,10,11,13,14,16,18,19,20,21,22,23,24,25,11
