Número,Frecuencia Histórica,Frecuencia Simulada,Frecuencia Predicha
1,489,10313,38.380424
2,471,16375,62.236988
3,454,21892,86.09355
4,475,26942,109.95012
5,477,31964,133.8067
6,464,36354,157.66324
7,486,40934,181.51982
8,476,44935,205.37639
9,473,48459,229.23296
10,487,52078,253.08952
11,496,55166,276.94608
12,498,58573,300.80267
13,476,61412,324.65924
14,471,63658,348.5158
15,473,66084,372.37238
16,467,68305,396.22894
17,471,70559,420.0855
18,509,72671,443.94208
19,471,74320,467.79865
20,478,76219,491.6552
21,480,77936,515.5117
22,468,79294,539.36835
23,474,80578,563.2249
24,491,81876,587.0814
25,495,83103,610.9381
